id,text,cleaned_text,created_at,cluster_label,cluster_id
2038443619456352300,"🌧️ ಬೆಂಗಳೂರು ಮಳೆ 🌧️✨ Bengaluru Rains ✨🌧️ 

🎥 Whether it’s the sound of raindrops, the rush of traffic, or the calm of home balconies, t

#BengaluruRains #MonsoonVibes #BangaloreWeather #RainyDayMood #ViralReel
                 https://t.co/6jd7MicSPC",bengaluru rains whether its the sound of raindrops the rush of traffic or the calm of home balconies t bengalururains monsoonvibes bangaloreweather rainydaymood viralreel,2026-03-30 02:30:05+00:00,Tier 1 City Problems,0
2037573662027743283,"If traffic wasn’t enough, now what's with the heat waves !!! It's so f..kng hot in Bengaluru now. #Blr",if traffic wasnt enough now whats with the heat waves its so fkng hot in bengaluru now blr,2026-03-27 16:53:11+00:00,Tier 1 City Problems,0
2037861942648545305,"Stuck in traffic on Bellary Rd, Bengaluru again this afternoon for some VIP convoy. How frequently do you stop in traffic jams to give way to 'VIP convoys'?

 https://t.co/C9jw7hPC5Z via @YouTube",stuck in traffic on bellary rd bengaluru again this afternoon for some vip convoy how frequently do you stop in traffic jams to give way to vip convoys via,2026-03-28 11:58:43+00:00,Tier 1 City Problems,0
2037920976298758508,#RCBvsSRH Stuck in Bengaluru traffic!! Call Phil Salt....,rcbvssrh stuck in bengaluru traffic call phil salt,2026-03-28 15:53:18+00:00,Tier 1 City Problems,0
2037879089483440344,All roads in Bengaluru converge at the Chinnaswamy today. So please avoid going through that route. U will be stuck in traffic for ages altogether.,all roads in bengaluru converge at the chinnaswamy today so please avoid going through that route u will be stuck in traffic for ages altogether,2026-03-28 13:06:51+00:00,Tier 1 City Problems,0
2037825106148561132,The Banashankari bus stop to NICE Road Kanakapura stretch is hands down the worst road in Bengaluru South — sharp turns every 50m and chaotic traffic merging from all sides. A daily nightmare. 🚗😤 #Bengaluru #BangaloreRoads,the banashankari bus stop to nice road kanakapura stretch is hands down the worst road in bengaluru south sharp turns every 50m and chaotic traffic merging from all sides a daily nightmare bengaluru bangaloreroads,2026-03-28 09:32:20+00:00,Tier 1 City Problems,0
2037810392790135138,"Tier 1 cities like Delhi, Mumbai, Bengaluru are the worst places to live. It's like a constant war, lawlessness, hostility, road rage &amp; accidents, unaffordable rent &amp; education fees, adulterated food, pollution, traffic and list never stops. https://t.co/E58QJRkRjI",tier 1 cities like delhi mumbai bengaluru are the worst places to live its like a constant war lawlessness hostility road rage amp accidents unaffordable rent amp education fees adulterated food pollution traffic and list never stops,2026-03-28 08:33:52+00:00,Tier 1 City Problems,0
2038036596331868286,"Top Cities People Are Leaving (Outmigration Hotspots) 🚶‍♂️

Mumbai ~ Too Expensive 💸
Delhi ~ Pollution + Stress 🌫️
Bengaluru ~ Traffic Nightmare 🚗
Kolkata ~ Limited Job Growth 📉
Chennai ~ Climate Challenges 🌡️
Hyderabad ~ Rising Costs 💰
Pune ~ Overcrowding 🏙️
Gurgaon ~ High",top cities people are leaving outmigration hotspots mumbai too expensive delhi pollution stress bengaluru traffic nightmare kolkata limited job growth chennai climate challenges hyderabad rising costs pune overcrowding gurgaon high,2026-03-28 23:32:44+00:00,Tier 1 City Problems,0
2037529833815839079,Remove Traffic and language Chauvinists from Bengaluru. It will surpass even Newyork and Amsterdam in livability. https://t.co/jAhbJXFojN,remove traffic and language chauvinists from bengaluru it will surpass even newyork and amsterdam in livability,2026-03-27 13:59:02+00:00,Tier 1 City Problems,0
2037952483314827647,Bengaluru is heaven for bachelors if traffic is removed.,bengaluru is heaven for bachelors if traffic is removed,2026-03-28 17:58:30+00:00,Tier 1 City Problems,0
2037548085996638640,"If Hyderabad doesn’t take public transport seriously in the next 5 years, we are looking at a Bengaluru like traffic situation. https://t.co/QgPF6X4IqK",if hyderabad doesnt take public transport seriously in the next 5 years we are looking at a bengaluru like traffic situation,2026-03-27 15:11:34+00:00,Indian Traffic Issues,1
2038117794412478684,"629 companies shifted from Bengaluru in 5 years due to high costs &amp; traffic.

Expansion now moving towards Hyderabad 🚀 https://t.co/ucHSqOdqPn",629 companies shifted from bengaluru in 5 years due to high costs amp traffic expansion now moving towards hyderabad,2026-03-29 04:55:23+00:00,Tier 1 City Problems,0
2038097565535834337,"Office commute times converge in India’s tech hubs 🚦

🔹 Bengaluru: 59 min one-way
🔹 Hyderabad: 58 min one-way

🔹 Gap narrows to 1 min despite rising congestion
🔹 Traffic trends aligning across major tech cities https://t.co/xQmDW7n7IT",office commute times converge in indias tech hubs bengaluru 59 min oneway hyderabad 58 min oneway gap narrows to 1 min despite rising congestion traffic trends aligning across major tech cities,2026-03-29 03:35:00+00:00,Politics,2
2037525040695296307,"🚨 A commuter in Delhi spends 104 hours per year in traffic, while a commuter in Bengaluru spends 168 hours per year. The traffic has turned metro cities into giant parking lots with people trapped inside them: Raghav Chadha in Parliament https://t.co/nwh4LvZGQE",a commuter in delhi spends 104 hours per year in traffic while a commuter in bengaluru spends 168 hours per year the traffic has turned metro cities into giant parking lots with people trapped inside them raghav chadha in parliament,2026-03-27 13:39:59+00:00,Politics,2
2037519704999526844,"#WATCH | AAP MP Raghav Chadha tweets, ""Traffic has turned our metro cities into giant parking lots with people trapped inside them. In Bengaluru, Pune, Mumbai, Kolkata, Delhi and Chennai, on average a commuter spends 100 to 168 hours a year stuck in traffic. Not commuting. Just https://t.co/4dvjEzf1to",watch aap mp raghav chadha tweets traffic has turned our metro cities into giant parking lots with people trapped inside them in bengaluru pune mumbai kolkata delhi and chennai on average a commuter spends 100 to 168 hours a year stuck in traffic not commuting just,2026-03-27 13:18:47+00:00,Politics,2
2037732049176690978,"AAP MP @raghav_chadha posts, ""Traffic has turned our metro cities into giant parking lots with people trapped inside them. In #Bengaluru, #Pune, #Mumbai, #Kolkata, #Delhi and #Chennai, on average a commuter spends 100 to 168 hours a year stuck in traffic. Not commuting. Just https://t.co/NORFORcJrV",aap mp posts traffic has turned our metro cities into giant parking lots with people trapped inside them in bengaluru pune mumbai kolkata delhi and chennai on average a commuter spends 100 to 168 hours a year stuck in traffic not commuting just,2026-03-28 03:22:34+00:00,Tier 1 City Problems,0
2038125883425468677,"AAP MP Raghav Chadha urged a National Urban Decongestion Mission to combat traffic woes in India He highlighted major congestion hotspots in Delhi, Kolkata, Bengaluru, Mumbai, Pune, and Chennai Commuters spend 100-168 hours yearly stuck in traffic, severely impacting productivity",aap mp raghav chadha urged a national urban decongestion mission to combat traffic woes in india he highlighted major congestion hotspots in delhi kolkata bengaluru mumbai pune and chennai commuters spend 100168 hours yearly stuck in traffic severely impacting productivity,2026-03-29 05:27:31+00:00,Tier 1 City Problems,0
2037513445780676730,"Over 100 Hours Lost Every Year: Raghav Chadha Flags Traffic Crisis In Bengaluru, Mumbai, Delhi 
https://t.co/IwkTGXC754",over 100 hours lost every year raghav chadha flags traffic crisis in bengaluru mumbai delhi,2026-03-27 12:53:55+00:00,Tier 1 City Problems,0
2037885927302041806,"Worst experience I have had in indigo while traveling from Mumbai to Bengaluru. They blame ATC saying traffic congestion and delay flights endlessly. 5 years down the line, akasa will wipe u off. @IndiGo6E @IndiGo6E",worst experience i have had in indigo while traveling from mumbai to bengaluru they blame atc saying traffic congestion and delay flights endlessly 5 years down the line akasa will wipe u off,2026-03-28 13:34:01+00:00,Tier 1 City Problems,0
2037499782776897979,"Paid ₹1500 traffic fine via BTP ASTraM app/KSP site on Mar 22 — amount deducted, but no confirmation. Tried again on Mar 27, same issue.

Now ₹3000 gone, cases still unpaid. @blrcitytraffic @KarnatakaCops please help resolve this. #Bengaluru #TrafficFinesDigital",paid 1500 traffic fine via btp astram appksp site on mar 22 amount deducted but no confirmation tried again on mar 27 same issue now 3000 gone cases still unpaid please help resolve this bengaluru trafficfinesdigital,2026-03-27 11:59:37+00:00,Tier 1 City Problems,0
2038066862798574054,"Bengaluru techie clicks on fake traffic fine link, loses ₹7.2 lakh https://t.co/pVVnJahfSK",bengaluru techie clicks on fake traffic fine link loses 72 lakh,2026-03-29 01:33:00+00:00,Tier 1 City Problems,0
2038096797214888086,Use planned tunnel money to put AI enabled traffic monitor camera and enable 100% compliance rules. This will solve Bengaluru traffic problems and earn extra revenue in the short term. Moreover it will showcase Bengaluru as a model disciplined city. @DKShivakumar @Tejasvi_Surya https://t.co/JY78O0Cq6R,use planned tunnel money to put ai enabled traffic monitor camera and enable 100 compliance rules this will solve bengaluru traffic problems and earn extra revenue in the short term moreover it will showcase bengaluru as a model disciplined city,2026-03-29 03:31:57+00:00,Tier 1 City Problems,0
2038295363371876712,"🚦 Traffic Alert – Porur MGR Flyover (Pillar 160, Guindy route side):   Current direction board misguides commuters. Only Bengaluru/Tirupati traffic should use flyover. 
@IASassociation @chennaicorp @Chntrafficman https://t.co/iO4gzHmDl3",traffic alert porur mgr flyover pillar 160 guindy route side current direction board misguides commuters only bengalurutirupati traffic should use flyover,2026-03-29 16:40:58+00:00,Tier 1 City Problems,0
2037789863316242474,"Chamarajapete-Mysuru Road traffic set for major relief 

810 crore flyover planned from Sirsi Junction to BHEL KIMCO Junction to ease congestion, cut travel time and boost Bengaluru connectivity. DPR work underway.

#BengaluruTraffic #MysuruRoad #Chamarajapete https://t.co/IIxj5y9YjC",chamarajapetemysuru road traffic set for major relief 810 crore flyover planned from sirsi junction to bhel kimco junction to ease congestion cut travel time and boost bengaluru connectivity dpr work underway bengalurutraffic mysururoad chamarajapete,2026-03-28 07:12:18+00:00,Infrastructure,3
2037859749304434744,"Bengaluru Traffic to Disrupt for Three Days at Marathahalli -Follow These Diversions to Avoid Delays

https://t.co/JWWcm07Rm0",bengaluru traffic to disrupt for three days at marathahalli follow these diversions to avoid delays,2026-03-28 11:50:00+00:00,Tier 1 City Problems,0
2037496644191883462,"Match days are here in Bengaluru. 

Traffic restrictions will be in place from 3 PM to 12 AM around M. Chinnaswamy Stadium.

Watch the video and plan your commute in advance. Please use designated parking areas.

Your cooperation will help keep the city moving smoothly. https://t.co/ic2qkOv9AG",match days are here in bengaluru traffic restrictions will be in place from 3 pm to 12 am around m chinnaswamy stadium watch the video and plan your commute in advance please use designated parking areas your cooperation will help keep the city moving smoothly,2026-03-27 11:47:09+00:00,Tier 1 City Problems,0
2037515998757331013,"A day before the Indian Premier League 2026 opener, RCB vs SRH at #ChinnaswamyStadium, Bengaluru Traffic Police has issued an advisory on curbs from 3pm to 12 am tomorrow.

#BengaluruTraffic #IPL2026 #RCBvsSRH #TataIPL #ViratKohli #KSCA #RoyalChallengersBengaluru https://t.co/vrjh2YJWGp",a day before the indian premier league 2026 opener rcb vs srh at chinnaswamystadium bengaluru traffic police has issued an advisory on curbs from 3pm to 12 am tomorrow bengalurutraffic ipl2026 rcbvssrh tataipl viratkohli ksca royalchallengersbengaluru,2026-03-27 13:04:03+00:00,Tier 1 City Problems,0
2037789447832645792,"IPL 2026 opener in Bengaluru: Police issues traffic advisory ahead of RCB vs SRH match; Check routes, diversions

READ MORE➡️https://t.co/SCvZlInTVP 

#IPL2026 #TrafficAdvisory #Traffic #TrafficAlert #RCBvsSRH #IPL 

https://t.co/s9wzyc0qpV",ipl 2026 opener in bengaluru police issues traffic advisory ahead of rcb vs srh match check routes diversions read scvzlintvp ipl2026 trafficadvisory traffic trafficalert rcbvssrh ipl,2026-03-28 07:10:39+00:00,Tier 1 City Problems,0
2037807618962669585,"Bengaluru Traffic Update: Police Issue Advisory Ahead of RCB vs SRH, IPL 2026 Opening Match; Check Diversions

https://t.co/oLKBnmI7A7

#Bengaluru #RCBvSRH #IPL2026 #TrafficAlert",bengaluru traffic update police issue advisory ahead of rcb vs srh ipl 2026 opening match check diversions bengaluru rcbvsrh ipl2026 trafficalert,2026-03-28 08:22:51+00:00,Tier 1 City Problems,0
2037817030750110001,"Heading to IPL Match? Bengaluru Police Issue Traffic Advisory, Check Affected Routes &amp; Parking Here

https://t.co/RVi33B4FBr",heading to ipl match bengaluru police issue traffic advisory check affected routes amp parking here,2026-03-28 09:00:15+00:00,Tier 1 City Problems,0
2037779342839697591,"IPL 2026 opener in Bengaluru: Traffic curbs, parking spots, routes to know
https://t.co/b5UdIb4AW1",ipl 2026 opener in bengaluru traffic curbs parking spots routes to know,2026-03-28 06:30:30+00:00,Tier 1 City Problems,0
2037738080283812056,"#ItsViral | IPL 2026 opener in Bengaluru: Traffic curbs, parking spots, routes to know

Stay updated with all the stories that matter — download the Hindustan Times App

https://t.co/DEraTMBKB8",itsviral ipl 2026 opener in bengaluru traffic curbs parking spots routes to know stay updated with all the stories that matter download the hindustan times app,2026-03-28 03:46:32+00:00,Tier 1 City Problems,0
2037501328407285974,"RCB match triggers major traffic curbs in Bengaluru on March 28: Full road closure, parking &amp; entry details

#BengaluruTraffic #RCBMatch #IPL2026 #TrafficAlert #ChinnaswamyStadium

Read more:
https://t.co/NVf8M00LdM",rcb match triggers major traffic curbs in bengaluru on march 28 full road closure parking amp entry details bengalurutraffic rcbmatch ipl2026 trafficalert chinnaswamystadium read more,2026-03-27 12:05:46+00:00,Tier 1 City Problems,0
2037745101116784954,"Heading to the IPL match in Bengaluru? 🏏

Plan smart! Use Namma Metro &amp; public transport to avoid traffic, follow parking rules, and enjoy a hassle-free match day at Chinnaswamy Stadium.

#IPL2026 #Bengaluru #RCB  #NammaMetroHindiBeda #TravelTradeNews

https://t.co/WpLnN3slCF",heading to the ipl match in bengaluru plan smart use namma metro amp public transport to avoid traffic follow parking rules and enjoy a hasslefree match day at chinnaswamy stadium ipl2026 bengaluru rcb nammametrohindibeda traveltradenews,2026-03-28 04:14:26+00:00,Tier 1 City Problems,0
2038167262331625894,"🚨 NEW PROTOCOLS FOR IPL 2026 IN BENGALURU 👮‍♂️

- Local police have implemented strict new entry points and briefing sessions for all ground staff. 

-Smooth traffic flow reported on Cubbon Road and Queens Road thanks to better coordination. 

- Clear signage and stadium maps",new protocols for ipl 2026 in bengaluru local police have implemented strict new entry points and briefing sessions for all ground staff smooth traffic flow reported on cubbon road and queens road thanks to better coordination clear signage and stadium maps,2026-03-29 08:11:57+00:00,Tier 1 City Problems,0
2038311515351396636,"Need urgent police intervention at Karan Aujla concert in Bengaluru, there's not a single traffic police at exit and the whole area is now gridlocked , no internet nothing @blrcitytraffic @ChristinMP_",need urgent police intervention at karan aujla concert in bengaluru theres not a single traffic police at exit and the whole area is now gridlocked no internet nothing,2026-03-29 17:45:09+00:00,Tier 1 City Problems,0
2038407440329531752,"Saw one video yesterday, northie screaming out this lungs in Hindi towards a kannadiga in Bengaluru for driving his scooter in footpath.

Forget the traffic crime for a moment &amp;there are cops for that.

If that happened in Chennai it would’ve turned ugly and northie would’ve to https://t.co/qRaHcrB0RS",saw one video yesterday northie screaming out this lungs in hindi towards a kannadiga in bengaluru for driving his scooter in footpath forget the traffic crime for a moment ampthere are cops for that if that happened in chennai it wouldve turned ugly and northie wouldve to,2026-03-30 00:06:20+00:00,Politics,2
2038299450683294149,"The breath analyser traffic police after rain in bengaluru 
Are like frogs waiting for drunk inscets
Heavily maefesting one drunk idiot
#bengaluruthings
#bengalururain",the breath analyser traffic police after rain in bengaluru are like frogs waiting for drunk inscets heavily maefesting one drunk idiot bengaluruthings bengalururain,2026-03-29 16:57:13+00:00,Tier 1 City Problems,0
2037753875667751074,"🚨 Shocking &amp; Alarming 🚨

In a special operation by Bengaluru Traffic Police, 59 school bus drivers and 14 water tanker drivers were caught drunk while driving. Strict action has been initiated, including cancellation of licenses.

👏 Big thanks to @blrcitytraffic &amp; https://t.co/IthmajLYvy",shocking amp alarming in a special operation by bengaluru traffic police 59 school bus drivers and 14 water tanker drivers were caught drunk while driving strict action has been initiated including cancellation of licenses big thanks to amp,2026-03-28 04:49:18+00:00,Tier 1 City Problems,0
2037737811886088381,"maintenance and legal compliance of these department vehicles?
Public Demand:
The law must be equal for everyone. We urge the concerned authorities and the Bengaluru Traffic Police to take immediate note of this violation and impose the necessary penalties.",maintenance and legal compliance of these department vehicles public demand the law must be equal for everyone we urge the concerned authorities and the bengaluru traffic police to take immediate note of this violation and impose the necessary penalties,2026-03-28 03:45:28+00:00,Infrastructure,3
2038232761484587165,"What about work?

Hope you attend your official duties on a daily basis.

Please ensure the crime rate decreases and people of the country are safe.

Please work on reducing traffic congestion, especially in cities like #Delhi, Bengaluru, &amp; now Hyderabad. https://t.co/kwpn9AXdG8",what about work hope you attend your official duties on a daily basis please ensure the crime rate decreases and people of the country are safe please work on reducing traffic congestion especially in cities like delhi bengaluru amp now hyderabad,2026-03-29 12:32:13+00:00,Tier 1 City Problems,0
2038200894547005518,"This flow is like pipe line, flow should be continuous, break ,( not breaking news) delay in reaching India will lockdown many business 
https://t.co/4BgBrEcqZJ",this flow is like pipe line flow should be continuous break not breaking news delay in reaching india will lockdown many business,2026-03-29 10:25:35+00:00,Politics,2
2037826012202086667,"In Bengaluru, the Ejipura Flyover has been under construction for years.

Deadlines came… and went.
Budgets increased… work slowed.
Commuters kept waiting.

A project meant to ease traffic
turned into a symbol of delay.

Now compare this 👇

In another part of India, a massive https://t.co/PKUdYCw5Wm",in bengaluru the ejipura flyover has been under construction for years deadlines came and went budgets increased work slowed commuters kept waiting a project meant to ease traffic turned into a symbol of delay now compare this in another part of india a massive,2026-03-28 09:35:56+00:00,Infrastructure,3
2037860948606849461,"Respected @blrcitytraffic @osd_cmkarnataka 
This sudden installation of height rod causing huge traffic jam in Tharabanahalli railway gate Hesaraghatta road, Bengaluru 
Even causing disturbance for BMTC transport route and local residents
Pleasing authorities to solve this asap https://t.co/K3m3GdJ3tA",respected this sudden installation of height rod causing huge traffic jam in tharabanahalli railway gate hesaraghatta road bengaluru even causing disturbance for bmtc transport route and local residents pleasing authorities to solve this asap,2026-03-28 11:54:46+00:00,Tier 1 City Problems,0
2037492062346699220,The only man who can make a Bengaluru traffic jam look like a red carpet event. https://t.co/2SRKJEBpBp,the only man who can make a bengaluru traffic jam look like a red carpet event,2026-03-27 11:28:57+00:00,Tier 1 City Problems,0
2037781422161981550,"In a rare show of bipartisan efficiency, our leaders have bravely fought the 'indignity' of standing in a queue like a common taxpayer. Forget the water crisis or Bengaluru traffic it’s good to know that when the floodlights are on, our priorities are in the front row.#IPL2026",in a rare show of bipartisan efficiency our leaders have bravely fought the indignity of standing in a queue like a common taxpayer forget the water crisis or bengaluru traffic its good to know that when the floodlights are on our priorities are in the front rowipl2026,2026-03-28 06:38:45+00:00,Tier 1 City Problems,0
2038257824179146814,"🔥 This is BIG.
Not just another headline — this has serious implications that people need to pay attention to.
The narrative is shifting, and moments like this often get buried in noise. Don’t let that happen.
Watch closely.

👇 Your thoughts?

#Breaking #India #News #Trending https://t.co/88FMljiV9a",this is big not just another headline this has serious implications that people need to pay attention to the narrative is shifting and moments like this often get buried in noise dont let that happen watch closely your thoughts breaking india news trending,2026-03-29 14:11:48+00:00,Tier 1 City Problems,0
2038165495808192764,"🚨 BREAKING: Politics in India is intensifying fast.

From Mamata Banerjee to Amit Shah to #PMModi, narratives are clashing in real time.

This isn’t just news. It’s power in motion. What do you think matters most right now? 👇

#Politics #India #PMModi",breaking politics in india is intensifying fast from mamata banerjee to amit shah to pmmodi narratives are clashing in real time this isnt just news its power in motion what do you think matters most right now politics india pmmodi,2026-03-29 08:04:56+00:00,Politics,2
2038177903293366471,"🚨 Huge Breaking News 🚨

Modi will no longer remain Prime Minister.

According to a Weshington Post report, the CIA and ISI have decided to initiate a regime change in India.

It is claimed that Asim Munir and Trump are not in favor of Modi, therefore a new government will be",huge breaking news modi will no longer remain prime minister according to a weshington post report the cia and isi have decided to initiate a regime change in india it is claimed that asim munir and trump are not in favor of modi therefore a new government will be,2026-03-29 08:54:14+00:00,Politics,2
2038176178851475494,"🚨 BREAKING NEWS 🚨

In a major policy move, India’s Home Ministry, led by Amit Shah, has announced that certain non-Muslim migrants from Afghanistan, Bangladesh, and Pakistan will be allowed to stay in India even without valid passports or travel documents. 🇮🇳⚖️ This applies to https://t.co/sAfAtSMMEi",breaking news in a major policy move indias home ministry led by amit shah has announced that certain nonmuslim migrants from afghanistan bangladesh and pakistan will be allowed to stay in india even without valid passports or travel documents this applies to,2026-03-29 08:47:23+00:00,Politics,2
2038171741344972859,"Breaking News:
India shows d world what is meant by being a friend.
India has delivered 38,000 metric tonnes (MT) of petroleum to Sri Lanka as Colombo grapples wid supply disruptions triggered by d ongoing West Asia conflict, Indian High Commission in Colombo said on Saturday. https://t.co/UCxlxDH5h4",breaking news india shows d world what is meant by being a friend india has delivered 38000 metric tonnes mt of petroleum to sri lanka as colombo grapples wid supply disruptions triggered by d ongoing west asia conflict indian high commission in colombo said on saturday,2026-03-29 08:29:45+00:00,Global Conflict And Politics,4
2038280957594099808,"India ships 38,000 MT of fuel to Sri Lanka amid West Asia crisis and local… 
https://t.co/y1CZzuCNhf

#News #LatestNews #BreakingNews #Breaking",india ships 38000 mt of fuel to sri lanka amid west asia crisis and local news latestnews breakingnews breaking,2026-03-29 15:43:44+00:00,Global Conflict And Politics,4
2038281139903688822,"India ships 38,000 MT of fuel to Sri Lanka amid West Asia crisis and local… 
https://t.co/y1CZzuCNhf

#news #breaking",india ships 38000 mt of fuel to sri lanka amid west asia crisis and local news breaking,2026-03-29 15:44:27+00:00,Global Conflict And Politics,4
2038320208172163548,"#BREAKING 🚨 INDIA HELPING BANGLADESH

India supplies 5,000 tons of diesel to Bangladesh amid fuel crisis. This is getting highlighted as 🚨BIG BAD NEWS 🚨but understand -

India's monthly diesel consumption is ~260,000 tonnes a day.",breaking india helping bangladesh india supplies 5000 tons of diesel to bangladesh amid fuel crisis this is getting highlighted as big bad news but understand indias monthly diesel consumption is 260000 tonnes a day,2026-03-29 18:19:42+00:00,Global Conflict And Politics,4
2038211340821811694,"Breaking News 🚨 

Brazil pitches HIGHER crude supplies to India and explores refining partnerships, with BPCL contracting 12M barrels for FY27. 

India’s refining capacity stands at 258 mtpa. 

Bilateral trade reached $15.21 BILLION in 2025. https://t.co/rqRiov2w0a",breaking news brazil pitches higher crude supplies to india and explores refining partnerships with bpcl contracting 12m barrels for fy27 indias refining capacity stands at 258 mtpa bilateral trade reached 1521 billion in 2025,2026-03-29 11:07:06+00:00,Global Conflict And Politics,4
2038302684550156594,"""BREAKING NEWS: 
Saudi Arabia no longer needs the Strait of #Hormuz for its oil exports. 

The East-West pipeline is now operating at full capacity, 7 million barrels per day, ensuring direct supply to the main importing countries: 

• 🇨🇳China — 37.7% 
• 📷India — 14.7% 
• https://t.co/4ixbit06XA",breaking news saudi arabia no longer needs the strait of hormuz for its oil exports the eastwest pipeline is now operating at full capacity 7 million barrels per day ensuring direct supply to the main importing countries china 377 india 147,2026-03-29 17:10:04+00:00,Global Conflict And Politics,4
2038455169411940773,"🚨BIG BREAKING

🇮🇷 Iran attacks a desalination plant in Kuwait, killing an Indian worker. 

📌Sad news for India😥",big breaking iran attacks a desalination plant in kuwait killing an indian worker sad news for india,2026-03-30 03:15:59+00:00,Global Conflict And Politics,4
2039929659371262421,"US breaking —
Iran vs US-Israel War News Live Updates: Trump warns US will target Iranian bridges and power plants next — Indian Express
#IranWar #USA #WhiteHouse #USpolitics #BreakingNews #WorldNews",us breaking iran vs usisrael war news live updates trump warns us will target iranian bridges and power plants next indian express iranwar usa whitehouse uspolitics breakingnews worldnews,2026-04-03 04:55:05+00:00,Global Conflict And Politics,4
2038318332747931699,"🧵 BREAKING: Major power outages have been reported in the Iranian city of Karaj following a fresh round of U.S.–Israeli airstrikes, with local infrastructure hit overnight, according to international media. 
The Times of India
Source: Anadolu &amp; Iran International news agencies. https://t.co/71vJg8FS5Z",breaking major power outages have been reported in the iranian city of karaj following a fresh round of usisraeli airstrikes with local infrastructure hit overnight according to international media the times of india source anadolu amp iran international news agencies,2026-03-29 18:12:15+00:00,Global Conflict And Politics,4
2039866540988969098,"Breaking news 

A large wave of heavy airstrikes on Tehran now!",breaking news a large wave of heavy airstrikes on tehran now,2026-04-03 00:44:16+00:00,Politics,2
2039865863092768949,"BREAKING NEWS: 🚨Iranian Media: Explosions in Ahwaz and near Mashhad Airport. Targeting the air defense systems southwest of Tehran 
#IranWar‌ #Israël",breaking news iranian media explosions in ahwaz and near mashhad airport targeting the air defense systems southwest of tehran iranwar isral,2026-04-03 00:41:35+00:00,Global Conflict And Politics,4
2039837442774339883,"🚨BREAKING

Mehr Iranian News Agency: Activation of air defenses against hostile targets in the capital #Tehran",breaking mehr iranian news agency activation of air defenses against hostile targets in the capital tehran,2026-04-02 22:48:39+00:00,Global Conflict And Politics,4
2039838026462081245,"🚨Breaking | Iran's Mehr News Agency: Air defenses activated against hostile targets in the capital, Tehran",breaking irans mehr news agency air defenses activated against hostile targets in the capital tehran,2026-04-02 22:50:58+00:00,Global Conflict And Politics,4
2039828963850059862,"BREAKING IRAN NEWS ALERT 🚨
U.S. Embassy in Albania warns Iran-linked groups may target U.S. institutions and the PMOI. Public places like tourist sites, malls, hotels, clubs, and restaurants could also be targeted. Citizens urged to stay alert and review security.",breaking iran news alert us embassy in albania warns iranlinked groups may target us institutions and the pmoi public places like tourist sites malls hotels clubs and restaurants could also be targeted citizens urged to stay alert and review security,2026-04-02 22:14:57+00:00,Politics,2
2039886493712609730,"🚨 SECURITY ALERT: Governments and law enforcement are monitoring reported threats to places of worship.

Public advised to stay alert and report suspicious activity. 🔥

#Security #Breaking #Safety #US #Europe #Alert #News",security alert governments and law enforcement are monitoring reported threats to places of worship public advised to stay alert and report suspicious activity security breaking safety us europe alert news,2026-04-03 02:03:34+00:00,Politics,2
2039832676459290733,"Breaking News! If you are using this app, especially members of the media and content creators, make sure your notifications have not been mysterious ""turned off""  which is a form of shadow banning.",breaking news if you are using this app especially members of the media and content creators make sure your notifications have not been mysterious turned off which is a form of shadow banning,2026-04-02 22:29:42+00:00,Politics,2
2039875738850017620,"**BREAKING NEWS**

For the RECORD......DON'T TAG Me or expect me to Repost or share ANY of this DRAMA BULLSHIT!!!

I will NOT be Clipping or Posting ANYTHING FROM THOSE DIRECTLY involved EITHER!!! 

I am Done with IT ALL!!! 

OK......back to your regularly scheduled programming!!",breaking news for the recorddont tag me or expect me to repost or share any of this drama bullshit i will not be clipping or posting anything from those directly involved either i am done with it all okback to your regularly scheduled programming,2026-04-03 01:20:49+00:00,Politics,2
2039852859009700239,BREAKING NEWS: Neverrrrrrrrrrrrrrrrrrrr downplay your accomplishments. A job is a job. A car is a car. A house is a house.,breaking news neverrrrrrrrrrrrrrrrrrrr downplay your accomplishments a job is a job a car is a car a house is a house,2026-04-02 23:49:54+00:00,Politics,2
2039907356188787195,BREAKING NEWS: Every finger that touches this post will receive good news TODAY.,breaking news every finger that touches this post will receive good news today,2026-04-03 03:26:28+00:00,Politics,2
2039915987106169038,BREAKING NEWS : Anyone who touches this POST before April 4th will be blessed with income that is overflowing.,breaking news anyone who touches this post before april 4th will be blessed with income that is overflowing,2026-04-03 04:00:45+00:00,Politics,2
2039837794634244191,"🚨Breaking News🚨
To All Lesser Known Entities (I mean small accounts) I have some good news for you guys.
At exactly 12am una go hear from me.

Inform all the other Lesser Known Entities( smaller accounts) about this alert 📢",breaking news to all lesser known entities i mean small accounts i have some good news for you guys at exactly 12am una go hear from me inform all the other lesser known entities smaller accounts about this alert,2026-04-02 22:50:03+00:00,Politics,2
2039824015607422979,BREAKING NEWS: Jesus Christ is coming soon kindly Rt to remind someone on your timeline.,breaking news jesus christ is coming soon kindly rt to remind someone on your timeline,2026-04-02 21:55:18+00:00,Politics,2
2039873856974790887,"BREAKING NEWS: Sorry to interrupt your scrolling, but Jesus has Risen and is coming again whether you believe it or not!",breaking news sorry to interrupt your scrolling but jesus has risen and is coming again whether you believe it or not,2026-04-03 01:13:21+00:00,Politics,2
2039910755588255983,Breaking News 🚨: JESUS CHRIST THE SAME YESTERDAY TODAY AND FOREVER!!!,breaking news jesus christ the same yesterday today and forever,2026-04-03 03:39:58+00:00,Politics,2
2039864082589680058,"🚨 BREAKING NEWS that never gets old: Jesus is Alive!  The same King who conquered death is right now sitting on His throne, actively interceding for you and me.  That changes everything on tough days, doesn’t it?  What situation are you trusting Him with right now?",breaking news that never gets old jesus is alive the same king who conquered death is right now sitting on his throne actively interceding for you and me that changes everything on tough days doesnt it what situation are you trusting him with right now,2026-04-03 00:34:30+00:00,Politics,2
2039861773025583558,"BREAKING NEWS!!!

Easter maybe postponed report reaching us says that Judas is refusing to betray Jesus this year he claims that 30 pieces of silver is too small due to the current economic situation and high dollar rate.

He is demanding 100% increment on the amount.",breaking news easter maybe postponed report reaching us says that judas is refusing to betray jesus this year he claims that 30 pieces of silver is too small due to the current economic situation and high dollar rate he is demanding 100 increment on the amount,2026-04-03 00:25:20+00:00,Politics,2
2039872277232439668,"🚨 【Morning Briefing】April 3rd · Crypto Daily News

There are quite a few headlines today, please take a look:

1. BTC Breaks Key Support — The US dollar and oil prices rose in tandem, breaking below the key support level of $67,000. If buying pressure doesn't intervene in",morning briefingapril 3rd crypto daily news there are quite a few headlines today please take a look 1 btc breaks key support the us dollar and oil prices rose in tandem breaking below the key support level of 67000 if buying pressure doesnt intervene in,2026-04-03 01:07:04+00:00,Cryptocurrency News,5
2039860117571616905,"BREAKING NEWS! $COIN has just clinched a monumental victory, securing initial conditional approval from the OCC for a coveted trust charter! This isn't just a win; it's a strategic masterstroke, catapulting $COIN closer to becoming a federally regulated powerhouse in the crypto",breaking news coin has just clinched a monumental victory securing initial conditional approval from the occ for a coveted trust charter this isnt just a win its a strategic masterstroke catapulting coin closer to becoming a federally regulated powerhouse in the crypto,2026-04-03 00:18:45+00:00,Cryptocurrency News,5
2039852615140618711,"BREAKING: SignalForge news filter just blocked a short on EURUSD.

Setup was clean... bearish engulfing on H1, targeting 1.0650.

Filter flagged high-impact US CPI data in 15 minutes.

Price spiked 40 pips on the print.

Would've been a full stop loss. Filters aren't optional.",breaking signalforge news filter just blocked a short on eurusd setup was clean bearish engulfing on h1 targeting 10650 filter flagged highimpact us cpi data in 15 minutes price spiked 40 pips on the print wouldve been a full stop loss filters arent optional,2026-04-02 23:48:56+00:00,Cryptocurrency News,5
2039867256910254274,"💊 +40% profit on a prediction market bet.

Market: Sabres vs. Senators: Sabres
Side: YES

AI found the edge by reading breaking news before the market priced it in.

#Polymarket #PredictionMarkets #AI",40 profit on a prediction market bet market sabres vs senators sabres side yes ai found the edge by reading breaking news before the market priced it in polymarket predictionmarkets ai,2026-04-03 00:47:07+00:00,Cryptocurrency News,5
2039889907745718283,"💊 +39% profit on a prediction market bet.

Market: Atlanta Braves vs. Arizona Diamondbacks: Atlanta B
Side: YES

AI found the edge by reading breaking news before the market priced it in.

#Polymarket #PredictionMarkets #AI",39 profit on a prediction market bet market atlanta braves vs arizona diamondbacks atlanta b side yes ai found the edge by reading breaking news before the market priced it in polymarket predictionmarkets ai,2026-04-03 02:17:07+00:00,Cryptocurrency News,5
2039924269535334782,"Today in AI  — April 3, 2026

🔴 Breaking:
&gt;Alibaba Drops 3 AI Models in 3 Days
&gt;Perplexity Sued Over Sharing Chats With Meta &amp; Google
&gt;OpenAI Buys Tech News Show TBPN
&gt;Microsoft Invests $10B in Japan AI Infrastructure

🚀 Launches:
&gt;Google Gemma 4 Runs Offline on Your Phone",today in ai april 3 2026 breaking gtalibaba drops 3 ai models in 3 days gtperplexity sued over sharing chats with meta amp google gtopenai buys tech news show tbpn gtmicrosoft invests 10b in japan ai infrastructure launches gtgoogle gemma 4 runs offline on your phone,2026-04-03 04:33:40+00:00,Artificial Intelligence,6
2039844066523775144,"🚨 BREAKING NEWS🚨 

im taking a break from Persona 3 Reload right now to go eat some Korean BBQ then go watch The Super Mario Galaxy Movie with my friends .",breaking news im taking a break from persona 3 reload right now to go eat some korean bbq then go watch the super mario galaxy movie with my friends,2026-04-02 23:14:58+00:00,Entertainment,7
2039915636114006047,BREAKING NEWS: Hot blonde is looking at me across the bar. What’s my next move? #hawktini,breaking news hot blonde is looking at me across the bar whats my next move hawktini,2026-04-03 03:59:22+00:00,Social Media,8
2039924167408300224,Breaking news alert Heather Jada sells HER PUSSY FOR ONE PENNY ALL DAY EVERYDAY BITCH,breaking news alert heather jada sells her pussy for one penny all day everyday bitch,2026-04-03 04:33:16+00:00,Social Media,8
2039831321846100297,"🔴Breaking News

Trump fires Pam Bundy, the Attorney General and one of his key supporters…",breaking news trump fires pam bundy the attorney general and one of his key supporters,2026-04-02 22:24:20+00:00,Politics,2
2039871097470845012,"Breaking news out of the White House as Trump announces the departure of Attorney General Pam Bondi. A major shakeup for the DOJ.

#PamBondi #Trump #BreakingNews",breaking news out of the white house as trump announces the departure of attorney general pam bondi a major shakeup for the doj pambondi trump breakingnews,2026-04-03 01:02:23+00:00,Politics,2
2039926751904805008,"OLD NEWS, BUT RELEVANT NOW:  

BREAKING EXCLUSIVE: The Trump White House Has Discovered That Deputy AG Todd Blanche Is The Democrat Deep State Mole Sabotaging Trump's Offensive Against The Deep State!",old news but relevant now breaking exclusive the trump white house has discovered that deputy ag todd blanche is the democrat deep state mole sabotaging trumps offensive against the deep state,2026-04-03 04:43:32+00:00,Politics,2
2039866115929563328,"BREAKING—Acting Attorney General Todd Blanche on Fox News: ""To the extent that the Epstein files were part of the past year of this Justice Department, it will—should not be a part of anything going forward.""

@polihedge @JesseBWatters 🚨",breakingacting attorney general todd blanche on fox news to the extent that the epstein files were part of the past year of this justice department it willshould not be a part of anything going forward,2026-04-03 00:42:35+00:00,Politics,2
2039884724424880377,"🚨📷 BREAKING NEWS:  “We’re not going to prosecute the predators in the Epstein files or release their names to the public.”  — US Attorney General, Todd Blanche",breaking news were not going to prosecute the predators in the epstein files or release their names to the public us attorney general todd blanche,2026-04-03 01:56:32+00:00,Politics,2
2039852615790624770,"BAD news 

BREAKING: Possibility President Trump fires FBI Director Kash Patel soon, per former FBI agent Kyle Seraphin.....",bad news breaking possibility president trump fires fbi director kash patel soon per former fbi agent kyle seraphin,2026-04-02 23:48:56+00:00,Politics,2
2039849360859836735,"#BAD news 

BREAKING: US Army Chief of Staff Gen. Randy George steps down and retires",bad news breaking us army chief of staff gen randy george steps down and retires,2026-04-02 23:36:00+00:00,Politics,2
2039827675070517249,"BREAKING: According to a CBS News report, US Secretary of War Pete Hegseth has requested that Army Chief of Staff Randy George step down immediately and enter retirement.",breaking according to a cbs news report us secretary of war pete hegseth has requested that army chief of staff randy george step down immediately and enter retirement,2026-04-02 22:09:50+00:00,Politics,2
2039924769823330344,BREAKING: Secretary War Pete Hegseth has asked Army Chief of Staff Gen. Randy George to step down and take immediate retirement — CBS News,breaking secretary war pete hegseth has asked army chief of staff gen randy george to step down and take immediate retirement cbs news,2026-04-03 04:35:39+00:00,Politics,2
2039828689483956379,"BREAKING: Secretary of War Pete Hegseth has asked the Army Chief of Staff, General Randy George to step down and take immediate retirement, a senior U.S. Army official and senior Department of War official confirm to Fox News.",breaking secretary of war pete hegseth has asked the army chief of staff general randy george to step down and take immediate retirement a senior us army official and senior department of war official confirm to fox news,2026-04-02 22:13:52+00:00,Politics,2
2039830074665689481,"Breaking News: 

CBS news: 

Defense Secretary Pete Hegseth has asked Army Chief of Staff Gen. Randy George to 
step down, sources say.",breaking news cbs news defense secretary pete hegseth has asked army chief of staff gen randy george to step down sources say,2026-04-02 22:19:22+00:00,Politics,2
2039831708800008218,"BREAKING:

🇺🇸 Tensions erupt at the top of the U.S. Army.

Pete Hegseth has reportedly pushed Army Chief Randy George to step down immediately, per CBS News sources.

Insiders say Hegseth wants new leadership fully aligned with Donald Trump’s vision and ready to carry out their",breaking tensions erupt at the top of the us army pete hegseth has reportedly pushed army chief randy george to step down immediately per cbs news sources insiders say hegseth wants new leadership fully aligned with donald trumps vision and ready to carry out their,2026-04-02 22:25:52+00:00,Politics,2
2039849601327661161,"🇺🇸 BREAKING: US Secretary of War Pete Hegseth asked Army Chief of Staff Randy George to take immediate retirement, per CBS News. Major shakeup at top of US military command. Direct implications for Indo-Pacific troop commitments. — spectatorindex",breaking us secretary of war pete hegseth asked army chief of staff randy george to take immediate retirement per cbs news major shakeup at top of us military command direct implications for indopacific troop commitments spectatorindex,2026-04-02 23:36:58+00:00,Politics,2
2039881816153165957,"🚨BREAKING: US Secretary Of War Pete Hegseth Fires 12 High-Ranking Generals

This includes General Randy George, the head of the Army. 

The latest report came from Fox News.

It appears as if this means a ground invasion of Iran is coming.",breaking us secretary of war pete hegseth fires 12 highranking generals this includes general randy george the head of the army the latest report came from fox news it appears as if this means a ground invasion of iran is coming,2026-04-03 01:44:58+00:00,Politics,2
2039902852987191468,"⚡️BREAKING — Hegseth has removed over 12 top generals, including the army chief, according to Fox News.",breaking hegseth has removed over 12 top generals including the army chief according to fox news,2026-04-03 03:08:34+00:00,Politics,2
2039899239619182618,Breaking News: Hegseth pushes out top U.S. general,breaking news hegseth pushes out top us general,2026-04-03 02:54:12+00:00,Politics,2
2039891237155569775,"BREAKING 🚨 
Honorable Top leadership in the US Army, Navy AND Air Force, along with the Chairman of the Joint Chiefs of Staff, were just fired by former Fox News host Pete Hegseth.

The very top US military.
They are all refusing to do something.",breaking honorable top leadership in the us army navy and air force along with the chairman of the joint chiefs of staff were just fired by former fox news host pete hegseth the very top us military they are all refusing to do something,2026-04-03 02:22:24+00:00,Politics,2
2038389875490300092,"🚨 BREAKING: Rajnath Singh chairs a high-level security meeting amid rising global tensions.

No official confirmation of any emergency measures. ⚠️

#Breaking #India #RajnathSingh #Security #Update #Geopolitics #News",breaking rajnath singh chairs a highlevel security meeting amid rising global tensions no official confirmation of any emergency measures breaking india rajnathsingh security update geopolitics news,2026-03-29 22:56:32+00:00,Politics,2
2038337936287289473,"BREAKING: Indian Congress CAUGHT Spreading WILD FAKE NEWS About LPG Shortage Crisis! 😱 They’re Getting SLAPPED With Cold Hard FACTS… But Refuse To Admit It! Total Denial Mode Activated! 

#India #Politics #BJP #INC #IndianYouth https://t.co/X7F8UUsEix",breaking indian congress caught spreading wild fake news about lpg shortage crisis theyre getting slapped with cold hard facts but refuse to admit it total denial mode activated india politics bjp inc indianyouth,2026-03-29 19:30:09+00:00,Politics,2
2038336828349219271,"INFYNIX News | Breaking
Government of India bans @moliticsindia news account over alleged misinformation blamed, Critics warn of press freedom risks, while authorities defend the move as necessary to curb false narratives. Access now restricted within India.
#Molitics #MIvsKKR https://t.co/LUAoTM9h88",infynix news breaking government of india bans news account over alleged misinformation blamed critics warn of press freedom risks while authorities defend the move as necessary to curb false narratives access now restricted within india molitics mivskkr,2026-03-29 19:25:45+00:00,Politics,2
2038171152531759590,"BREAKING NEWS 

Despite Indian armys polluting twitter with their misogynistc tweets, their faves BTS FAILS to debut in both BILLBOARD INDIA and IFPI Charts. 

The versions and remixes seems not helping them infront of local songs. https://t.co/NVeAJMG9k3",breaking news despite indian armys polluting twitter with their misogynistc tweets their faves bts fails to debut in both billboard india and ifpi charts the versions and remixes seems not helping them infront of local songs,2026-03-29 08:27:24+00:00,Politics,2
2038234309619028131,"🚨 Breaking News - OnePlus is pulling out from physical retail in India, expands service network via OPPO. https://t.co/z6ys2blxpm",breaking news oneplus is pulling out from physical retail in india expands service network via oppo,2026-03-29 12:38:22+00:00,Indian Tech,9
2038424720807452685,"India 11 News Bulletin 30/03/2026 | आज की 11 बड़ी खबरें | Breaking News Today | The India Moves
#pmmodi #kerala #amitshah https://t.co/ESeLW8VHsm",india 11 news bulletin 30032026 11 breaking news today the india moves pmmodi kerala amitshah,2026-03-30 01:15:00+00:00,Politics,2
2038236555241046350,"Breaking News Live ||  News @5 || Breaking News || Latest News || 29 March 2026 || News Tv India 

#NationalNews | #NationalNewsLive | #BreakingNews | #LatestNews | #NewsTvIndia | https://t.co/lPh8vjRBOc",breaking news live news breaking news latest news 29 march 2026 news tv india nationalnews nationalnewslive breakingnews latestnews newstvindia,2026-03-29 12:47:18+00:00,Politics,2
2038279360919261433,"Bareilly news
Uttar Pradesh news
Park incident
Viral news India
Social awareness
Public property respect
Gandhi statue inc
India viral news
Breaking news India
Local news UP
Awareness post
Viral reel India
Public behavior
📌 Hashtags
#Bareilly
#UttarPradesh
#ViralNews
#IndiaNews https://t.co/WqRZnzL26K",bareilly news uttar pradesh news park incident viral news india social awareness public property respect gandhi statue inc india viral news breaking news india local news up awareness post viral reel india public behavior hashtags bareilly uttarpradesh viralnews indianews,2026-03-29 15:37:23+00:00,Social Media,8
2038171665041903937,"BREAKING NEWS

930 pm last night 
Man from India mows down 9 in Derby car attack

Baggy Shanker, the MP for Derby South, said his thoughts are with “everyone who has been affected and with their loved ones”

#UKLabour @Conservatives @LibDems  @narindertweets @the_hindu",breaking news 930 pm last night man from india mows down 9 in derby car attack baggy shanker the mp for derby south said his thoughts are with everyone who has been affected and with their loved ones uklabour,2026-03-29 08:29:27+00:00,Global Conflict And Politics,4
2038183688588964134,"BREAKING NEWS🚨

David Kiaraho MP for Ol Kaluo has passed away while receiving treatment in India.

Family confirms.

Its high time we equip our national hospital like KNH to avoid this external late referrals. 

May his soul rest in peace.💔 https://t.co/Lh3qqzvYV0",breaking news david kiaraho mp for ol kaluo has passed away while receiving treatment in india family confirms its high time we equip our national hospital like knh to avoid this external late referrals may his soul rest in peace,2026-03-29 09:17:13+00:00,Global Conflict And Politics,4
2038180919551644001,"Breaking News: Ol Kalou MP David Kiaraho has passed away while receiving treatment, as confirmed by Speaker Moses Wetang'ula. Reports are divided on whether it happened in India or Nairobi Hospital. Condolences to his family. RIP. #OlKalou #DavidKiaraho #Kenya https://t.co/iSYOoaEPTd",breaking news ol kalou mp david kiaraho has passed away while receiving treatment as confirmed by speaker moses wetangula reports are divided on whether it happened in india or nairobi hospital condolences to his family rip olkalou davidkiaraho kenya,2026-03-29 09:06:13+00:00,Global Conflict And Politics,4
2038164258811183194,BREAKING NEWS: Ol Kalou MP David Kiaraho  is dead! He passed away in India while receiving treatment https://t.co/9vlnG3HuGZ,breaking news ol kalou mp david kiaraho is dead he passed away in india while receiving treatment,2026-03-29 08:00:01+00:00,Global Conflict And Politics,4
2038177107608510973,"Breaking news 

The Ol Kalou MP David Kiaraho dies while receiving treatment in India. https://t.co/dR4bNOJZ14",breaking news the ol kalou mp david kiaraho dies while receiving treatment in india,2026-03-29 08:51:04+00:00,Global Conflict And Politics,4
2038172639764660444,BREAKING NEWS: Ol Kalou MP David Njuguna Kiaraho Dies in India while receiving treatment. https://t.co/bat69BFOF4,breaking news ol kalou mp david njuguna kiaraho dies in india while receiving treatment,2026-03-29 08:33:19+00:00,Global Conflict And Politics,4
2038191157662920759,🚨BREAKING NEWS! Ol Kalou MP David Njuguna Kiaraho has died while undergoing treatment in India. https://t.co/I5HfZjNAlE,breaking news ol kalou mp david njuguna kiaraho has died while undergoing treatment in india,2026-03-29 09:46:54+00:00,Global Conflict And Politics,4
2038178905173942466,"BREAKING NEWS: Ol Kalou MP David Njuguna Kiaraho has died while receiving treatment in India.

May he RIP.🕊 https://t.co/yqGqGW2ksn",breaking news ol kalou mp david njuguna kiaraho has died while receiving treatment in india may he rip,2026-03-29 08:58:13+00:00,Global Conflict And Politics,4
2038207763487088875,"BREAKING NEWS: Ol Kalou MP David Njuguna Kiaraho has died while receiving treatment in India.

He has been MP for three consecutive terms from 2013 up to now.

May he RIP.🙏 https://t.co/aoDp6K8pjS",breaking news ol kalou mp david njuguna kiaraho has died while receiving treatment in india he has been mp for three consecutive terms from 2013 up to now may he rip,2026-03-29 10:52:53+00:00,Global Conflict And Politics,4
2038167882375291141,"BREAKING NEWS: Ol Kalou MP David Njuguna Kiaraho dies while receiving treatment in India.

He has been the MP for three consecutive terms from 2013 up to now.

May His Soul Rest in Peace 🙏😭 https://t.co/aQPmrn20dC",breaking news ol kalou mp david njuguna kiaraho dies while receiving treatment in india he has been the mp for three consecutive terms from 2013 up to now may his soul rest in peace,2026-03-29 08:14:25+00:00,Global Conflict And Politics,4
2038302774111142033,"BREAKING NEWS! Ol Kalou MP David Njuguna Kiaraho has died while undergoing treatment in India.

He served as Member of Parliament for Ol Kalou for three consecutive terms, from 2013 until his death. https://t.co/aOqJrR5IDl",breaking news ol kalou mp david njuguna kiaraho has died while undergoing treatment in india he served as member of parliament for ol kalou for three consecutive terms from 2013 until his death,2026-03-29 17:10:25+00:00,Kenyan Mp Death,10
2038164722323702076,"BREAKING NEWS! Ol Kalou MP David Njuguna Kiaraho has died while undergoing treatment in India.

He served as Member of Parliament for Ol Kalou for three consecutive terms, from 2013 until his death.

He was one of the only two MPs elected on a Jubilee Party ticket in the former https://t.co/zLBsxjUPNu",breaking news ol kalou mp david njuguna kiaraho has died while undergoing treatment in india he served as member of parliament for ol kalou for three consecutive terms from 2013 until his death he was one of the only two mps elected on a jubilee party ticket in the former,2026-03-29 08:01:51+00:00,Kenyan Mp Death,10
2038177531992404385,"BREAKING NEWS!!

Olkalou MP David Njuguna Kiaraho has passed on while undergoing treatment in India.

He served as MP for Ol Kalou for three consecutive terms, from 2013 until his demise.

He was elected on a Jubilee Party ticket 2022 General Election.

R.I.P mhesh. https://t.co/IR4oUu9baE",breaking news olkalou mp david njuguna kiaraho has passed on while undergoing treatment in india he served as mp for ol kalou for three consecutive terms from 2013 until his demise he was elected on a jubilee party ticket 2022 general election rip mhesh,2026-03-29 08:52:45+00:00,Kenyan Mp Death,10
2038170118484558190,"BREAKING NEWS: Ol Kalou Member of Parliament, David Njuguna Kiaraho, is dead. The lawmaker died on Sunday, March 29, 2026, while receiving specialised treatment in a hospital in India. 

Kiaraho was first elected in 2013 and successfully defended his seat in 2017 and 2022. https://t.co/oN3qtgRtjv",breaking news ol kalou member of parliament david njuguna kiaraho is dead the lawmaker died on sunday march 29 2026 while receiving specialised treatment in a hospital in india kiaraho was first elected in 2013 and successfully defended his seat in 2017 and 2022,2026-03-29 08:23:18+00:00,Kenyan Mp Death,10
2038168869421060256,"KULEVYA NEWS
Breaking: Ol Kalou MP Hon. David Njuguna Kiaraho has passed away while undergoing treatment in India. The legislator, who notably voted YES on the Finance Bill, had been unwell for some time. May his soul rest in peace. https://t.co/b9tHZDvk7c",kulevya news breaking ol kalou mp hon david njuguna kiaraho has passed away while undergoing treatment in india the legislator who notably voted yes on the finance bill had been unwell for some time may his soul rest in peace,2026-03-29 08:18:20+00:00,Kenyan Mp Death,10
2038174748954288226,Breaking News; Rest in Peace Ol Kalou MP David Njuguna Kiaraho who has Died While Receiving Treatment in India. https://t.co/4N8ffWqbdJ,breaking news rest in peace ol kalou mp david njuguna kiaraho who has died while receiving treatment in india,2026-03-29 08:41:42+00:00,Kenyan Mp Death,10
2038173882419405142,"BREAKING NEWS: Ol Kalou MP David Njuguna Kiaraho Dies in India
May the family feel easy during this tough moments",breaking news ol kalou mp david njuguna kiaraho dies in india may the family feel easy during this tough moments,2026-03-29 08:38:15+00:00,Kenyan Mp Death,10
2038169226192502882,"Breaking News: Ol Kalou MP David Njuguna Kiaraho Dies While Receiving Treatment in India. May he RIP

Another Bi- election in Mt. Kenya, Gachagua Vs Kindiki one more time https://t.co/HhjkCGqhLk",breaking news ol kalou mp david njuguna kiaraho dies while receiving treatment in india may he rip another bi election in mt kenya gachagua vs kindiki one more time,2026-03-29 08:19:45+00:00,Kenyan Mp Death,10
2038170417270268320,"BREAKING SAD 😭 NEWS: We are receiving very disheartening News of passing on of Olkolou Member of Parliament Hon David Kiaraho while receiving treatment in India.
RIEP Hon Kiaraho. https://t.co/axwWrVfEja",breaking sad news we are receiving very disheartening news of passing on of olkolou member of parliament hon david kiaraho while receiving treatment in india riep hon kiaraho,2026-03-29 08:24:29+00:00,Kenyan Mp Death,10
2038163546907758968,"📍Breaking News🚨
A Kenyan MP Dies While Receiving Treatment in India.",breaking news a kenyan mp dies while receiving treatment in india,2026-03-29 07:57:11+00:00,Kenyan Mp Death,10
2038165059432554799,"BREAKING NEWS 

An MP dies while receiving treatment in India",breaking news an mp dies while receiving treatment in india,2026-03-29 08:03:12+00:00,Kenyan Mp Death,10
2038183912749273094,"BREAKING NEWS: MP Dies While Receiving Treatment in India​​, @standard #motoreview",breaking news mp dies while receiving treatment in india motoreview,2026-03-29 09:18:07+00:00,Kenyan Mp Death,10
2038165662997037441,"🚨BREAKING NEWS: Shock as Another MP Dies While Undergoing Treatment in India
https://t.co/uWHAzkdard",breaking news shock as another mp dies while undergoing treatment in india,2026-03-29 08:05:36+00:00,Kenyan Mp Death,10
2038191802537345450,"BIG BREAKING NEWS 🚨

Pakistan's former Army Chief Qamar Bajwa who called India enemy no.1, has died. He slipped in the bathroom. https://t.co/z5ow6b1yuF",big breaking news pakistans former army chief qamar bajwa who called india enemy no1 has died he slipped in the bathroom,2026-03-29 09:49:28+00:00,Global Conflict And Politics,4
2038280352502849892,"Breaking news. India 
Journalist 
Indian Muslim people don’t like Israel 🥳🥳🥳 https://t.co/LcW6ZTvYGG",breaking news india journalist indian muslim people dont like israel,2026-03-29 15:41:20+00:00,Politics,2
2039880007032451100,"🚨NOT Breaking News:
ISLAM Destroys Europe❗️",not breaking news islam destroys europe,2026-04-03 01:37:47+00:00,Global Conflict And Politics,4
2039846064182665411,‼️🇦🇪🇮🇷 Breaking News - United Arab Emirates denies report that Oracle data center was attacked in Dubai !,breaking news united arab emirates denies report that oracle data center was attacked in dubai,2026-04-02 23:22:54+00:00,Politics,2
2039841430714384512,"🚨 BREAKING NEWS 

Explosions in Bahrain

#BAHRAIN",breaking news explosions in bahrain bahrain,2026-04-02 23:04:30+00:00,Politics,2
2039823931457282467,"🚨 Breaking News ‼️

Explosions in Kuwait as a result of a drone attack",breaking news explosions in kuwait as a result of a drone attack,2026-04-02 21:54:58+00:00,Politics,2
2039871928815468687,"⚡ BREAKING: Explosions reported near an Iranian Revolutionary Guard base in southwestern Iran, according to local news sources. #IRGC #Drone #Iran",breaking explosions reported near an iranian revolutionary guard base in southwestern iran according to local news sources irgc drone iran,2026-04-03 01:05:41+00:00,Politics,2
2039832215266430997,"🚨 Breaking News ‼️

Another explosion rocks US occupation bases in Kuwait",breaking news another explosion rocks us occupation bases in kuwait,2026-04-02 22:27:53+00:00,Politics,2
2039851792566210968,"🚨 🚨Breaking News 🚀🚀

For the third consecutive time and within less than 5 minutes, targeting the U.S. occupation bases in Erbil",breaking news for the third consecutive time and within less than 5 minutes targeting the us occupation bases in erbil,2026-04-02 23:45:40+00:00,Politics,2
2039843397889094140,"🚨 BREAKING NEWS

Targeting of U.S. interests in Bahrain with a cluster missile",breaking news targeting of us interests in bahrain with a cluster missile,2026-04-02 23:12:19+00:00,Politics,2
2039819960504201427,"BREAKING NEWS 🚨: 

I have designated (a long time ago) The Israeli military as a terrorist organization.

Thank you for your attention to this matter.",breaking news i have designated a long time ago the israeli military as a terrorist organization thank you for your attention to this matter,2026-04-02 21:39:11+00:00,Politics,2
2039932758944792987,"BREAKING NEWS:

GOD HAS DELETED YOUR NAME AND YOUR LOVED ONE FROM ANY TERMINAL ILLNESS

SAY ""AMENNN""",breaking news god has deleted your name and your loved one from any terminal illness say amennn,2026-04-03 05:07:24+00:00,Politics,2
2039827630837445015,Breaking news 🚨🚨: Artemis has been shot down by space force after Black astronaut failed to show his birth certificate while in orbit,breaking news artemis has been shot down by space force after black astronaut failed to show his birth certificate while in orbit,2026-04-02 22:09:40+00:00,Politics,2
2039889849944272928,"BREAKING NEWS: Landon Hairston gets out on a groundout 🤯🤯

3-2, ASU. Top 5th.

@CronkiteSports",breaking news landon hairston gets out on a groundout 32 asu top 5th,2026-04-03 02:16:54+00:00,International Sports,11
2039889788061536364,"BREAKING NEWS: Landon Hairston gets out on a groundout 🤯🤯

3-2, ASU. Top 4th.

@CronkiteSports",breaking news landon hairston gets out on a groundout 32 asu top 4th,2026-04-03 02:16:39+00:00,International Sports,11
2039923589516796028,Breaking News: The Yankees offer 4 prospects for Konnor Griffin.,breaking news the yankees offer 4 prospects for konnor griffin,2026-04-03 04:30:58+00:00,International Sports,11
2039828479923925130,"📢 🚨 BREAKING!  📢 🚨 
Pam Bondi will soon join Fox News as the chief 
Doomer, Panican, and Grifter name caller!
She will go head to head with the current 
DPG name caller Do-Nothing Dan.",breaking pam bondi will soon join fox news as the chief doomer panican and grifter name caller she will go head to head with the current dpg name caller donothing dan,2026-04-02 22:13:02+00:00,Politics,2
2039823423149576414,"BREAKING:  Fascistic CBS Chief &amp; Israeli ""friend"" Bari Weiss plans to turbo-charge her White House propaganda network to better compete with Fox News. 
     Rumor is she will transform the network dynamo 60 Minutes into a Trump ""day-in-the-life"" weekly series similar to the",breaking fascistic cbs chief amp israeli friend bari weiss plans to turbocharge her white house propaganda network to better compete with fox news rumor is she will transform the network dynamo 60 minutes into a trump dayinthelife weekly series similar to the,2026-04-02 21:52:56+00:00,Politics,2
2039853241371078952,"OpenAI dropped a quiet bombshell

They bought TBPN outright.

That Silicon Valley staple

Three hours live every weekday.

John Coogan and Jordi Hays breaking down tech news, pulling in founders and execs. Around 70,000 viewers tuning in, balanced buzz without the mega hype.",openai dropped a quiet bombshell they bought tbpn outright that silicon valley staple three hours live every weekday john coogan and jordi hays breaking down tech news pulling in founders and execs around 70000 viewers tuning in balanced buzz without the mega hype,2026-04-02 23:51:26+00:00,Indian Tech,9
2039842585032679890,"went down the ""Affiliate"" rabbit hole with Ai.. its having another Moment like 2014-2020.. best Campaigns are pushing Peptides.. High CPA but Higher Commission.. Claude does 90% of the Work.. this isnt Breaking News either.. its Only a Recession if ur looking at the Wrong things",went down the affiliate rabbit hole with ai its having another moment like 20142020 best campaigns are pushing peptides high cpa but higher commission claude does 90 of the work this isnt breaking news either its only a recession if ur looking at the wrong things,2026-04-02 23:09:05+00:00,Politics,2
2039867960043397489,"🚨⚠️| BREAKING NEWS 📰: 

 Claude's computer use feature in Cowork and Claude Code Desktop is now available on Windows..",breaking news claudes computer use feature in cowork and claude code desktop is now available on windows,2026-04-03 00:49:55+00:00,Indian Tech,9
2039833400144548231,quicktime's mad dash is the most 2024 headline possible. a software update from 1991 is now a breaking news event because we've run out of new things to break.,quicktimes mad dash is the most 2024 headline possible a software update from 1991 is now a breaking news event because weve run out of new things to break,2026-04-02 22:32:35+00:00,Entertainment,7
2039836065322635591,the news anchor's face when they have to say breaking news about a taylor swift flight tracker update,the news anchors face when they have to say breaking news about a taylor swift flight tracker update,2026-04-02 22:43:10+00:00,Entertainment,7
2039916230736261499,"Stay ahead of the curve with breaking updates, expert context, and in-depth analysis. Watch ABC News Live for 24/7 coverage you can trust.

#ABCNews #BreakingNews #LiveStream",stay ahead of the curve with breaking updates expert context and indepth analysis watch abc news live for 247 coverage you can trust abcnews breakingnews livestream,2026-04-03 04:01:43+00:00,Politics,2
2039850602973233589,"Looking to connect with folks who are into:

- Major sports events 🏆
- Viral moments &amp; trending topics
- Pop culture happenings
- Social media buzz
- Entertainment news
- What's breaking right now

Let's link up and ride the wave together 🤝",looking to connect with folks who are into major sports events viral moments amp trending topics pop culture happenings social media buzz entertainment news whats breaking right now lets link up and ride the wave together,2026-04-02 23:40:56+00:00,Social Media,8
2039848932985934322,"🚨Breaking News🚨
🔥April 02, 2026🔥
 ⚽️Daily World Cup Briefing ⚽️–
🇲🇽Group A Focus🇲🇽

Good afternoon, WC Chronicles fam! April 2 and we kick off our new Group-by-Group Daily Series with Group A. The four teams already confirmed in Group A are: Mexico (co-host), Czech Republic,",breaking news april 02 2026 daily world cup briefing group a focus good afternoon wc chronicles fam april 2 and we kick off our new groupbygroup daily series with group a the four teams already confirmed in group a are mexico cohost czech republic,2026-04-02 23:34:18+00:00,International Sports,11
2039820533605224706,"🚨🔥Breaking News🔥🚨
🇲🇽Mexico 1-1 🇧🇪Belgium!
⚽️Sánchez Opener Cancelled by Lukebakio in Chicago Thriller⚽️
A tense, end-to-end battle at Soldier Field!

In a hard-fought international friendly on March 31, 2026, Javier Aguirre’s Mexico drew 1-1 with Rudi Garcia’s Belgium. Jorge",breaking news mexico 11 belgium snchez opener cancelled by lukebakio in chicago thriller a tense endtoend battle at soldier field in a hardfought international friendly on march 31 2026 javier aguirres mexico drew 11 with rudi garcias belgium jorge,2026-04-02 21:41:27+00:00,International Sports,11
2039839858273792220,"🇦🇷🍪Breaking News: Mondelez, the maker of Oreo and Milk and the food industry union have reached an agreement to guarantee jobs for at least 1 full year and a bonus of 920,000 pesos ($650 USD) per employee

This is great news for the employees as it gives them another year. On",breaking news mondelez the maker of oreo and milk and the food industry union have reached an agreement to guarantee jobs for at least 1 full year and a bonus of 920000 pesos 650 usd per employee this is great news for the employees as it gives them another year on,2026-04-02 22:58:15+00:00,Economy,12
2039886147162124714,"🚨 BREAKING NEWS

Anthropic has quietly acquired Coefficient Bio, a Dimension-backed stealth startup, for just over $400 million in stock. 

The deal brings a team focused on AI models for biological research and artificial superintelligence for science into Anthropic's Health",breaking news anthropic has quietly acquired coefficient bio a dimensionbacked stealth startup for just over 400 million in stock the deal brings a team focused on ai models for biological research and artificial superintelligence for science into anthropics health,2026-04-03 02:02:11+00:00,Artificial Intelligence,6
2039847796610920823,"LATEST NEWS:
BREAKING: XRP SEES EXPLOSIVE INSTITUTIONAL ADOPTION — OVER 300 BANKS AND FINANCIAL FIRMS NOW ENGAGED

 **This article was brought to you by XRP ledger decentralized media powered by BXE token. Become an author and earn now.

#BXE

Read more 👇",latest news breaking xrp sees explosive institutional adoption over 300 banks and financial firms now engaged this article was brought to you by xrp ledger decentralized media powered by bxe token become an author and earn now bxe read more,2026-04-02 23:29:47+00:00,Cryptocurrency News,5
2038311627418910801,"X App in India:

- Often ranks as a top news app in the Indian App Store.
- One of the world's largest markets for overall app installs.
- Averaging 24 to 26 million active users.
- That's just 1.7% of the population.
- Ranks 3rd globally
- Driven largely by breaking news, https://t.co/GqIB13lNWs",x app in india often ranks as a top news app in the indian app store one of the worlds largest markets for overall app installs averaging 24 to 26 million active users thats just 17 of the population ranks 3rd globally driven largely by breaking news,2026-03-29 17:45:36+00:00,Indian Tech,9
2039910975931879528,So kinda like breaking news....India launches it's first population census in 15 years. It's already the world's most populous nation. These streetshitters could number close to 2 billion by now.,so kinda like breaking newsindia launches its first population census in 15 years its already the worlds most populous nation these streetshitters could number close to 2 billion by now,2026-04-03 03:40:51+00:00,Infrastructure,3
2038307598102135244,"Breaking News 🚨 

A decade ago, India could manufacture just 3 GW of solar modules. 

Today, capacity has reached 172 GW, with 10,000 homes going solar every day. https://t.co/BE4UkR1hda",breaking news a decade ago india could manufacture just 3 gw of solar modules today capacity has reached 172 gw with 10000 homes going solar every day,2026-03-29 17:29:35+00:00,Infrastructure,3
2039896564945035508,"Hey world, did you see this BREAKING news today?

In case you didn’t, Iranian students and professionals who came to the U.S. and followed the legal process step by step have now been stuck in limbo for more than 4 months.

Many Ph.D. students have already spent 5 years in the",hey world did you see this breaking news today in case you didnt iranian students and professionals who came to the us and followed the legal process step by step have now been stuck in limbo for more than 4 months many phd students have already spent 5 years in the,2026-04-03 02:43:35+00:00,Global Conflict And Politics,4
2039823326458077275,"Breaking News: Pam Bondi to be appointed Ambassador to Scientology. 

Embassy to be built in Clearwater, FL",breaking news pam bondi to be appointed ambassador to scientology embassy to be built in clearwater fl,2026-04-02 21:52:33+00:00,Entertainment,7
2039854807972725140,Breaking News: Liberty Hill has hired former Cedar Park head girls basketball coach Kami Williamson to be the Lady Panthers next coach #txhsgbb #txhshoops #txhsbb,breaking news liberty hill has hired former cedar park head girls basketball coach kami williamson to be the lady panthers next coach txhsgbb txhshoops txhsbb,2026-04-02 23:57:39+00:00,International Sports,11
2039881740387295459,"Kansas forward Flory Bidunga plans to enter the NCAA transfer portal. Bidunga is also planning on declaring for the NBA draft.

Follow @courtlinemedia for more breaking news!",kansas forward flory bidunga plans to enter the ncaa transfer portal bidunga is also planning on declaring for the nba draft follow for more breaking news,2026-04-03 01:44:40+00:00,International Sports,11
2039833476740899002,"Breaking News!
Ahead of 2027
INEC has decamped✍️ to APC.🤔😠🤣
Case Close 😡",breaking news ahead of 2027 inec has decamped to apc case close,2026-04-02 22:32:53+00:00,Politics,2
2039839147775631832,"Breaking News: Mid-Afternoon, April 2, 2026
The global landscape this afternoon is dominated by a volatile situation in the Middle East and the economic ripple effects felt across world markets…",breaking news midafternoon april 2 2026 the global landscape this afternoon is dominated by a volatile situation in the middle east and the economic ripple effects felt across world markets,2026-04-02 22:55:25+00:00,Global Conflict And Politics,4
2039865411387208183,🚨BREAKING NEWS: Sirens sounding across Tel Aviv.,breaking news sirens sounding across tel aviv,2026-04-03 00:39:47+00:00,Global Conflict And Politics,4
2039889817845072046,"Breaking News. Atlanta News reports that the Atlanta Transportation Authority has installed a new stop light at the University access ramp to 75/85 to control traffic flow. 
Unfortunately the traffic light has potentially become a traffic hazard. ATA has concluded that flashing",breaking news atlanta news reports that the atlanta transportation authority has installed a new stop light at the university access ramp to 7585 to control traffic flow unfortunately the traffic light has potentially become a traffic hazard ata has concluded that flashing,2026-04-03 02:16:46+00:00,Indian Traffic Issues,1
2039819764042711396,Per Greenwich Sentinel : Breaking News: First Selectman Camillo temporarily suspends school zone traffic camera enforcement,per greenwich sentinel breaking news first selectman camillo temporarily suspends school zone traffic camera enforcement,2026-04-02 21:38:24+00:00,Indian Traffic Issues,1
2039849190373679241,"🚨 BREAKING NEWS 🚨

Conservative accounts are being mass banned and hacked tonight.

Johnny Midnight and Nick Shirley to name a few. 

This proves the Harry Sisson Left has NO ARGUMENT or ability to defend their destructive ideologies!

Always remember how they mocked Charlie",breaking news conservative accounts are being mass banned and hacked tonight johnny midnight and nick shirley to name a few this proves the harry sisson left has no argument or ability to defend their destructive ideologies always remember how they mocked charlie,2026-04-02 23:35:20+00:00,Social Media,8
2039847455269785708,BREAKING NEWS: 80% of X users will be sleeping from 11:30pm going,breaking news 80 of x users will be sleeping from 1130pm going,2026-04-02 23:28:26+00:00,Entertainment,7
2038158708430291366,"This cheaper accomodation, zero traffic, IT Boom,will disappear as the hungry greedy IT crowd comes here to advertisements. After that it's just same as bengaluru. 

Also all of that little weak Tulu identity y'all have right now will be finished in a fraction due to demographics https://t.co/YVUozCv3dF",this cheaper accomodation zero traffic it boomwill disappear as the hungry greedy it crowd comes here to advertisements after that its just same as bengaluru also all of that little weak tulu identity yall have right now will be finished in a fraction due to demographics,2026-03-29 07:37:57+00:00,Infrastructure,3
2037877763655512209,"No prices for guessing which store is this, covering the footpath also..
@bbmp_official

Anyways..it's the same old story of @OlaElectric 

#traffic #bbmp #bmtc #bengaluru #ola #ev https://t.co/mWOABRc34X",no prices for guessing which store is this covering the footpath also s the same old story of traffic bbmp bmtc bengaluru ola ev,2026-03-28 13:01:35+00:00,Tier 1 City Problems,0
2037906869780414662,"ICYMI | Bengaluru woman skips traffic, walks office to home for 2 weeks – Shares one ‘unexpected downside’ https://t.co/mueQwPiybT",icymi bengaluru woman skips traffic walks office to home for 2 weeks shares one unexpected downside,2026-03-28 14:57:14+00:00,Tier 1 City Problems,0
2037922655802888533,"Left college at 4
Left satellite at 5:30 
Left Bengalore at 7:10
Spent f**king 100 minutes in traffic 
Reached Mysore 9:00
F**king heavy rains 
#Bengaluru #Mysuru #RCB #Rain https://t.co/J97CzLu9dy",left college at 4 left satellite at 530 left bengalore at 710 spent fking 100 minutes in traffic reached mysore 900 fking heavy rains bengaluru mysuru rcb rain,2026-03-28 15:59:58+00:00,Tier 1 City Problems,0
2037975694567993357,"BMW's 8-speed ZF in the 3 Series is wasted in Bengaluru traffic. That silky torque converter logic matters more than 258hp when you're crawling at 15kmph for 2 hours daily. A jerky DCT ruins your commute, smooth shifts save your sanity. #Gearbox #IndianTraffic",bmws 8speed zf in the 3 series is wasted in bengaluru traffic that silky torque converter logic matters more than 258hp when youre crawling at 15kmph for 2 hours daily a jerky dct ruins your commute smooth shifts save your sanity gearbox indiantraffic,2026-03-28 19:30:43+00:00,Indian Traffic Issues,1
2038126071133204723,"🚧 Major Infrastructure Boost for Bengaluru’s Connectivity.

The Government of Karnataka has proposed a ₹810 crore elevated corridor to address traffic congestion along one of the city’s busiest stretches—Mysuru Road.

SOURCE: The Indian Express.

#Bengaluru #Infrastructure https://t.co/PmEpQ9NEQj",major infrastructure boost for bengalurus connectivity the government of karnataka has proposed a 810 crore elevated corridor to address traffic congestion along one of the citys busiest stretchesmysuru road source the indian express bengaluru infrastructure,2026-03-29 05:28:16+00:00,Infrastructure,3
2039823152390500356,"#Breaking News! Historic Policy!

Hergses Signs Historic Memorandum: Gun Bans Removed at US Military Bases; Soldiers Can Carry Private Weapons for Self-Defense

Hergses announced the signing of a new memorandum allowing soldiers to carry private firearms for self-defense at",breaking news historic policy hergses signs historic memorandum gun bans removed at us military bases soldiers can carry private weapons for selfdefense hergses announced the signing of a new memorandum allowing soldiers to carry private firearms for selfdefense at,2026-04-02 21:51:52+00:00,Global Conflict And Politics,4
2039834082511827340,"Breaking- Per Fox News Tiger was seen on the phone awaiting arrival of police.

Guess who the first call he made ~ President of the United States Donald J. Trump. 

Asking (Trump)  him to intervene and stop the arrest.

😳",breaking per fox news tiger was seen on the phone awaiting arrival of police guess who the first call he made president of the united states donald j trump asking trump him to intervene and stop the arrest,2026-04-02 22:35:18+00:00,Politics,2
2039880672769118250,"BREAKING 
On the Edge of Order: When War, Law and Medicine Collide

A terse communiqué from Tehran. A president stepping to a lectern as fleets and markets hold their breath. A Supreme Court bench probing the bounds of executive power. In the space of a single news cycle, the",breaking on the edge of order when war law and medicine collide a terse communiqu from tehran a president stepping to a lectern as fleets and markets hold their breath a supreme court bench probing the bounds of executive power in the space of a single news cycle the,2026-04-03 01:40:26+00:00,Global Conflict And Politics,4
2039830277531353490,Theres the demonic Bishop comes online glaring with anger at us like a female v of Erika kirk. Him with his background fake AI studio trying to look like a breaking news channel. Whilst @calvinrobinson rocking his real office with proper chair and uk/Robin hood flags. Smart!,theres the demonic bishop comes online glaring with anger at us like a female v of erika kirk him with his background fake ai studio trying to look like a breaking news channel whilst rocking his real office with proper chair and ukrobin hood flags smart,2026-04-02 22:20:11+00:00,Social Media,8
2039836552491102677,"Breaking News:

Sad news: 

Manchester United are saddened to learn of the passing of Eamonn Boylan OBE.

A widely respected public servant and former Chief Executive of the Greater Manchester Combined Authority, Eamonn was also a lifelong Manchester United supporter and",breaking news sad news manchester united are saddened to learn of the passing of eamonn boylan obe a widely respected public servant and former chief executive of the greater manchester combined authority eamonn was also a lifelong manchester united supporter and,2026-04-02 22:45:07+00:00,International Sports,11
